,code,url,product_name,brands,carbon-footprint_100g,categories_tags,categories_en,countries_en,image_url,image_small_url,leaf_category_list,leaf_category
185939,3068320055008,http://world-en.openfoodfacts.org/product/3068320055008/evian-bottle-500ml,evian bottle 500ml,"Evian, Tesco",0,"en:beverages,en:waters,en:spring-waters,en:mineral-waters,en:non-alcoholic-beverages,en:natural-mineral-waters,en:unsweetened-beverages","Beverages,Waters,Spring waters,Mineral waters,Non-Alcoholic beverages,Natural mineral waters,Unsweetened beverages","Belgium,France,Luxembourg,Switzerland,United Kingdom",https://static.openfoodfacts.org/images/products/306/832/005/5008/front_fr.136.400.jpg,https://static.openfoodfacts.org/images/products/306/832/005/5008/front_fr.136.200.jpg,"['en:beverages', 'en:waters', 'en:spring-waters', 'en:mineral-waters', 'en:non-alcoholic-beverages', 'en:natural-mineral-waters', 'en:unsweetened-beverages']",en:unsweetened-beverages
217500,3222471018798,http://world-en.openfoodfacts.org/product/3222471018798/sirop-de-fraise-casino,Sirop de Fraise,Casino,130,"en:beverages,en:syrups,en:flavoured-syrups,en:strawberry-syrups,en:sweetened-beverages","Beverages,Syrups,Flavoured syrups,Strawberry syrups,Sweetened beverages",France,https://static.openfoodfacts.org/images/products/322/247/101/8798/front_fr.7.400.jpg,https://static.openfoodfacts.org/images/products/322/247/101/8798/front_fr.7.200.jpg,"['en:beverages', 'en:syrups', 'en:flavoured-syrups', 'en:strawberry-syrups', 'en:sweetened-beverages']",en:sweetened-beverages
217656,3222471101834,http://world-en.openfoodfacts.org/product/3222471101834/citronnade-sirop-de-citron-casino,Citronnade - Sirop de citron,Casino,140,"en:beverages,en:syrups,en:flavoured-syrups,en:lemon-syrups,en:sweetened-beverages,en:unsweetened-beverages,fr:citronnades","Beverages,Syrups,Flavoured syrups,Lemon syrups,Sweetened beverages,Unsweetened beverages,fr:Citronnades",France,https://static.openfoodfacts.org/images/products/322/247/110/1834/front_fr.3.400.jpg,https://static.openfoodfacts.org/images/products/322/247/110/1834/front_fr.3.200.jpg,"['en:beverages', 'en:syrups', 'en:flavoured-syrups', 'en:lemon-syrups', 'en:sweetened-beverages', 'en:unsweetened-beverages', 'fr:citronnades']",en:unsweetened-beverages
217832,3222471363539,http://world-en.openfoodfacts.org/product/3222471363539/noir-extra-casino,Noir extra,Casino,180,"en:snacks,en:sweet-snacks,en:cocoa-and-its-products,en:chocolates,en:dark-chocolates","Snacks,Sweet snacks,Cocoa and its products,Chocolates,Dark chocolates",France,https://static.openfoodfacts.org/images/products/322/247/136/3539/front_fr.28.400.jpg,https://static.openfoodfacts.org/images/products/322/247/136/3539/front_fr.28.200.jpg,"['en:snacks', 'en:sweet-snacks', 'en:cocoa-and-its-products', 'en:chocolates', 'en:dark-chocolates']",en:dark-chocolates
217834,3222471363560,http://world-en.openfoodfacts.org/product/3222471363560/chocolat-noir-dessert-casino,Chocolat noir dessert,Casino,230,"en:snacks,en:sweet-snacks,en:cocoa-and-its-products,en:chocolates,en:dark-chocolates","Snacks,Sweet snacks,Cocoa and its products,Chocolates,Dark chocolates",France,https://static.openfoodfacts.org/images/products/322/247/136/3560/front_fr.22.400.jpg,https://static.openfoodfacts.org/images/products/322/247/136/3560/front_fr.22.200.jpg,"['en:snacks', 'en:sweet-snacks', 'en:cocoa-and-its-products', 'en:chocolates', 'en:dark-chocolates']",en:dark-chocolates
217839,3222471363676,http://world-en.openfoodfacts.org/product/3222471363676/chocolat-au-lait-familial-3x100g-casino,Chocolat au lait familial 3x100g Casino,Casino,655,"en:snacks,en:sweet-snacks,en:cocoa-and-its-products,en:confectioneries,en:chocolates,en:milk-chocolates","Snacks,Sweet snacks,Cocoa and its products,Confectioneries,Chocolates,Milk chocolates",France,https://static.openfoodfacts.org/images/products/322/247/136/3676/front_fr.24.400.jpg,https://static.openfoodfacts.org/images/products/322/247/136/3676/front_fr.24.200.jpg,"['en:snacks', 'en:sweet-snacks', 'en:cocoa-and-its-products', 'en:confectioneries', 'en:chocolates', 'en:milk-chocolates']",en:milk-chocolates
219175,3222473460229,http://world-en.openfoodfacts.org/product/3222473460229/peche-abricot-a-l-eau-de-source-casino,Pêche Abricot à l'eau de source,Casino,50,"en:beverages,en:sweetened-beverages","Beverages,Sweetened beverages",France,https://static.openfoodfacts.org/images/products/322/247/346/0229/front_fr.7.400.jpg,https://static.openfoodfacts.org/images/products/322/247/346/0229/front_fr.7.200.jpg,"['en:beverages', 'en:sweetened-beverages']",en:sweetened-beverages
219397,3222473937882,http://world-en.openfoodfacts.org/product/3222473937882/limonade-traditionnelle-arome-naturel-de-citron-citron-vert-casino-delices,Limonade traditionnelle - Arôme naturel de citron- citron vert,"Casino Délices,Casino",125,"en:beverages,en:carbonated-drinks,en:sodas,en:lemonade,en:sweetened-beverages","Beverages,Carbonated drinks,Sodas,Lemonade,Sweetened beverages",France,https://static.openfoodfacts.org/images/products/322/247/393/7882/front_fr.17.400.jpg,https://static.openfoodfacts.org/images/products/322/247/393/7882/front_fr.17.200.jpg,"['en:beverages', 'en:carbonated-drinks', 'en:sodas', 'en:lemonade', 'en:sweetened-beverages']",en:sweetened-beverages
219532,3222474197193,http://world-en.openfoodfacts.org/product/3222474197193/sirop-d-orgeat-casino,Sirop d'orgeat,Casino,130,"en:beverages,en:syrups,en:flavoured-syrups,en:orgeat-syrups,en:unsweetened-beverages","Beverages,Syrups,Flavoured syrups,Orgeat syrups,Unsweetened beverages",France,https://static.openfoodfacts.org/images/products/322/247/419/7193/front_fr.6.400.jpg,https://static.openfoodfacts.org/images/products/322/247/419/7193/front_fr.6.200.jpg,"['en:beverages', 'en:syrups', 'en:flavoured-syrups', 'en:orgeat-syrups', 'en:unsweetened-beverages']",en:unsweetened-beverages
249927,3256220892179,http://world-en.openfoodfacts.org/product/3256220892179/boisson-plate-aux-fruits-tropical-u,Boisson plate aux fruits tropical,U,5,"en:plant-based-foods-and-beverages,en:beverages,en:plant-based-beverages,en:fruit-based-beverages,en:sweetened-beverages","Plant-based foods and beverages,Beverages,Plant-based beverages,Fruit-based beverages,Sweetened beverages",France,https://static.openfoodfacts.org/images/products/325/622/089/2179/front_fr.50.400.jpg,https://static.openfoodfacts.org/images/products/325/622/089/2179/front_fr.50.200.jpg,"['en:plant-based-foods-and-beverages', 'en:beverages', 'en:plant-based-beverages', 'en:fruit-based-beverages', 'en:sweetened-beverages']",en:sweetened-beverages
462726,3700214610015,http://world-en.openfoodfacts.org/product/3700214610015/noir-intense-degustation-alter-eco,Noir intense dégustation,Alter eco,160,"en:snacks,en:sweet-snacks,en:cocoa-and-its-products,en:confectioneries,en:chocolates,en:dark-chocolates","Snacks,Sweet snacks,Cocoa and its products,Confectioneries,Chocolates,Dark chocolates",France,https://static.openfoodfacts.org/images/products/370/021/461/0015/front_fr.50.400.jpg,https://static.openfoodfacts.org/images/products/370/021/461/0015/front_fr.50.200.jpg,"['en:snacks', 'en:sweet-snacks', 'en:cocoa-and-its-products', 'en:confectioneries', 'en:chocolates', 'en:dark-chocolates']",en:dark-chocolates
462727,3700214610022,http://world-en.openfoodfacts.org/product/3700214610022/lait-doux-fondant-alter-eco,Lait doux & fondant,Alter eco,273,"en:snacks,en:sweet-snacks,en:cocoa-and-its-products,en:confectioneries,en:chocolates,en:milk-chocolates","Snacks,Sweet snacks,Cocoa and its products,Confectioneries,Chocolates,Milk chocolates",France,https://static.openfoodfacts.org/images/products/370/021/461/0022/front_fr.26.400.jpg,https://static.openfoodfacts.org/images/products/370/021/461/0022/front_fr.26.200.jpg,"['en:snacks', 'en:sweet-snacks', 'en:cocoa-and-its-products', 'en:confectioneries', 'en:chocolates', 'en:milk-chocolates']",en:milk-chocolates
462738,3700214610176,http://world-en.openfoodfacts.org/product/3700214610176/the-earl-grey-bergamote-alter-eco,Thé Earl Grey bergamote,Alter Eco,766,"en:plant-based-foods-and-beverages,en:beverages,en:hot-beverages,en:plant-based-beverages,en:teas,en:herbal-teas,en:black-teas,en:flavored-teas,en:flavored-black-teas,en:teas-with-bergamot,en:bergamot-flavored-black-teas,en:unsweetened-beverages","Plant-based foods and beverages,Beverages,Hot beverages,Plant-based beverages,Teas,Herbal teas,Black teas,Flavored teas,Flavored black teas,Teas with bergamot,Bergamot flavored black teas,Unsweetened beverages",France,https://static.openfoodfacts.org/images/products/370/021/461/0176/front_fr.7.400.jpg,https://static.openfoodfacts.org/images/products/370/021/461/0176/front_fr.7.200.jpg,"['en:plant-based-foods-and-beverages', 'en:beverages', 'en:hot-beverages', 'en:plant-based-beverages', 'en:teas', 'en:herbal-teas', 'en:black-teas', 'en:flavored-teas', 'en:flavored-black-teas', 'en:teas-with-bergamot', 'en:bergamot-flavored-black-teas', 'en:unsweetened-beverages']",en:unsweetened-beverages
462739,3700214610183,http://world-en.openfoodfacts.org/product/3700214610183/the-vert-ceylan-bio-alter-eco,Thé Vert Ceylan Bio Alter Eco,Alter Eco,775,"en:plant-based-foods-and-beverages,en:beverages,en:hot-beverages,en:plant-based-beverages,en:teas,en:green-teas,en:herbal-teas,en:unsweetened-beverages,fr:the-vert-de-ceylan","Plant-based foods and beverages,Beverages,Hot beverages,Plant-based beverages,Teas,Green teas,Herbal teas,Unsweetened beverages,fr:the-vert-de-ceylan",France,https://static.openfoodfacts.org/images/products/370/021/461/0183/front_fr.18.400.jpg,https://static.openfoodfacts.org/images/products/370/021/461/0183/front_fr.18.200.jpg,"['en:plant-based-foods-and-beverages', 'en:beverages', 'en:hot-beverages', 'en:plant-based-beverages', 'en:teas', 'en:green-teas', 'en:herbal-teas', 'en:unsweetened-beverages', 'fr:the-vert-de-ceylan']",en:unsweetened-beverages
462740,3700214610190,http://world-en.openfoodfacts.org/product/3700214610190/tablette-chocolat-noir-dessert-alter-eco,Tablette chocolat Noir dessert,Alter eco,123,"en:snacks,en:sweet-snacks,en:cocoa-and-its-products,en:chocolates,en:dark-chocolates","Snacks,Sweet snacks,Cocoa and its products,Chocolates,Dark chocolates",France,https://static.openfoodfacts.org/images/products/370/021/461/0190/front_fr.28.400.jpg,https://static.openfoodfacts.org/images/products/370/021/461/0190/front_fr.28.200.jpg,"['en:snacks', 'en:sweet-snacks', 'en:cocoa-and-its-products', 'en:chocolates', 'en:dark-chocolates']",en:dark-chocolates
462749,3700214610411,http://world-en.openfoodfacts.org/product/3700214610411/rooibos-nature-bio-equitable-alter-eco,Rooibos nature bio & équitable,Alter Eco,607,"en:plant-based-foods-and-beverages,en:beverages,en:plant-based-foods,en:hot-beverages,en:plant-based-beverages,en:herbal-teas,en:rooibos,en:unsweetened-beverages","Plant-based foods and beverages,Beverages,Plant-based foods,Hot beverages,Plant-based beverages,Herbal teas,Rooibos,Unsweetened beverages",France,https://static.openfoodfacts.org/images/products/370/021/461/0411/front_fr.54.400.jpg,https://static.openfoodfacts.org/images/products/370/021/461/0411/front_fr.54.200.jpg,"['en:plant-based-foods-and-beverages', 'en:beverages', 'en:plant-based-foods', 'en:hot-beverages', 'en:plant-based-beverages', 'en:herbal-teas', 'en:rooibos', 'en:unsweetened-beverages']",en:unsweetened-beverages
462750,3700214610428,http://world-en.openfoodfacts.org/product/3700214610428/the-du-matin-alter-eco,Thé du matin,Alter Eco,540,"en:plant-based-foods-and-beverages,en:beverages,en:plant-based-foods,en:hot-beverages,en:plant-based-beverages,en:teas,en:herbal-teas,en:black-teas,en:unsweetened-beverages","Plant-based foods and beverages,Beverages,Plant-based foods,Hot beverages,Plant-based beverages,Teas,Herbal teas,Black teas,Unsweetened beverages",France,https://static.openfoodfacts.org/images/products/370/021/461/0428/front_fr.7.400.jpg,https://static.openfoodfacts.org/images/products/370/021/461/0428/front_fr.7.200.jpg,"['en:plant-based-foods-and-beverages', 'en:beverages', 'en:plant-based-foods', 'en:hot-beverages', 'en:plant-based-beverages', 'en:teas', 'en:herbal-teas', 'en:black-teas', 'en:unsweetened-beverages']",en:unsweetened-beverages
462755,3700214610534,http://world-en.openfoodfacts.org/product/3700214610534/chocolat-lait-classique-degustation-bio-alter-eco,Chocolat Lait classique dégustation Bio Alter Eco,Alter Eco,160,"en:snacks,en:sweet-snacks,en:cocoa-and-its-products,en:confectioneries,en:chocolates,en:milk-chocolates","Snacks,Sweet snacks,Cocoa and its products,Confectioneries,Chocolates,Milk chocolates",France,https://static.openfoodfacts.org/images/products/370/021/461/0534/front_fr.21.400.jpg,https://static.openfoodfacts.org/images/products/370/021/461/0534/front_fr.21.200.jpg,"['en:snacks', 'en:sweet-snacks', 'en:cocoa-and-its-products', 'en:confectioneries', 'en:chocolates', 'en:milk-chocolates']",en:milk-chocolates
462759,3700214610817,http://world-en.openfoodfacts.org/product/3700214610817/chocolat-noir-doux-et-fondant-bio-et-equitable-alter-eco,Chocolat noir doux et fondant bio et équitable,Alter Eco,273,"en:snacks,en:sweet-snacks,en:cocoa-and-its-products,en:chocolates,en:dark-chocolates","Snacks,Sweet snacks,Cocoa and its products,Chocolates,Dark chocolates",France,https://static.openfoodfacts.org/images/products/370/021/461/0817/front_fr.6.400.jpg,https://static.openfoodfacts.org/images/products/370/021/461/0817/front_fr.6.200.jpg,"['en:snacks', 'en:sweet-snacks', 'en:cocoa-and-its-products', 'en:chocolates', 'en:dark-chocolates']",en:dark-chocolates
462760,3700214610923,http://world-en.openfoodfacts.org/product/3700214610923/rooibos-epices-alter-eco,Rooibos épices,Alter Eco,562,"en:plant-based-foods-and-beverages,en:beverages,en:plant-based-foods,en:hot-beverages,en:plant-based-beverages,en:herbal-teas,en:rooibos,en:unsweetened-beverages","Plant-based foods and beverages,Beverages,Plant-based foods,Hot beverages,Plant-based beverages,Herbal teas,Rooibos,Unsweetened beverages",France,https://static.openfoodfacts.org/images/products/370/021/461/0923/front_fr.35.400.jpg,https://static.openfoodfacts.org/images/products/370/021/461/0923/front_fr.35.200.jpg,"['en:plant-based-foods-and-beverages', 'en:beverages', 'en:plant-based-foods', 'en:hot-beverages', 'en:plant-based-beverages', 'en:herbal-teas', 'en:rooibos', 'en:unsweetened-beverages']",en:unsweetened-beverages
462763,3700214611548,http://world-en.openfoodfacts.org/product/3700214611548/85-perou-fruite-et-corse-alter-eco,85% Pérou Fruité et Corsé,ALTER ECO,178,"en:snacks,en:sweet-snacks,en:cocoa-and-its-products,en:chocolates,en:dark-chocolates","Snacks,Sweet snacks,Cocoa and its products,Chocolates,Dark chocolates","Belgium,France,Switzerland",https://static.openfoodfacts.org/images/products/370/021/461/1548/front_fr.55.400.jpg,https://static.openfoodfacts.org/images/products/370/021/461/1548/front_fr.55.200.jpg,"['en:snacks', 'en:sweet-snacks', 'en:cocoa-and-its-products', 'en:chocolates', 'en:dark-chocolates']",en:dark-chocolates
462764,3700214611555,http://world-en.openfoodfacts.org/product/3700214611555/chocolat-noir-eclats-de-menthe-altereco,Chocolat noir éclats de menthe,Altereco,153,"en:snacks,en:sweet-snacks,en:cocoa-and-its-products,en:confectioneries,en:chocolates,en:dark-chocolates","Snacks,Sweet snacks,Cocoa and its products,Confectioneries,Chocolates,Dark chocolates",France,https://static.openfoodfacts.org/images/products/370/021/461/1555/front_fr.54.400.jpg,https://static.openfoodfacts.org/images/products/370/021/461/1555/front_fr.54.200.jpg,"['en:snacks', 'en:sweet-snacks', 'en:cocoa-and-its-products', 'en:confectioneries', 'en:chocolates', 'en:dark-chocolates']",en:dark-chocolates
462782,3700214613443,http://world-en.openfoodfacts.org/product/3700214613443/the-vert-earl-grey-a-la-bergamote-alter-eco,Thé vert Earl Grey à la bergamote,Alter Eco,770,"en:plant-based-foods-and-beverages,en:beverages,en:hot-beverages,en:plant-based-beverages,en:teas,en:green-teas,en:herbal-teas,en:unsweetened-beverages","Plant-based foods and beverages,Beverages,Hot beverages,Plant-based beverages,Teas,Green teas,Herbal teas,Unsweetened beverages",France,https://static.openfoodfacts.org/images/products/370/021/461/3443/front_fr.8.400.jpg,https://static.openfoodfacts.org/images/products/370/021/461/3443/front_fr.8.200.jpg,"['en:plant-based-foods-and-beverages', 'en:beverages', 'en:hot-beverages', 'en:plant-based-beverages', 'en:teas', 'en:green-teas', 'en:herbal-teas', 'en:unsweetened-beverages']",en:unsweetened-beverages
462790,3700214613740,http://world-en.openfoodfacts.org/product/3700214613740/lait-de-coco-alter-eco,Lait de coco,Alter Eco,312,"en:plant-based-foods-and-beverages,en:beverages,en:plant-based-beverages,en:milk-substitute,en:plant-milks,en:coconut-milks,en:unsweetened-beverages","Plant-based foods and beverages,Beverages,Plant-based beverages,Milk substitute,Plant milks,Coconut milks,Unsweetened beverages",France,https://static.openfoodfacts.org/images/products/370/021/461/3740/front_fr.8.400.jpg,https://static.openfoodfacts.org/images/products/370/021/461/3740/front_fr.8.200.jpg,"['en:plant-based-foods-and-beverages', 'en:beverages', 'en:plant-based-beverages', 'en:milk-substitute', 'en:plant-milks', 'en:coconut-milks', 'en:unsweetened-beverages']",en:unsweetened-beverages
462799,3700214614228,http://world-en.openfoodfacts.org/product/3700214614228/noir-menthe-alter-eco,Noir Menthe,ALTER ECO,162,"en:snacks,en:sweet-snacks,en:cocoa-and-its-products,en:confectioneries,en:chocolates,en:dark-chocolates,fr:chocolats-noirs-a-la-menthe","Snacks,Sweet snacks,Cocoa and its products,Confectioneries,Chocolates,Dark chocolates,fr:chocolats-noirs-a-la-menthe",France,https://static.openfoodfacts.org/images/products/370/021/461/4228/front_fr.6.400.jpg,https://static.openfoodfacts.org/images/products/370/021/461/4228/front_fr.6.200.jpg,"['en:snacks', 'en:sweet-snacks', 'en:cocoa-and-its-products', 'en:confectioneries', 'en:chocolates', 'en:dark-chocolates', 'fr:chocolats-noirs-a-la-menthe']",en:dark-chocolates
462800,3700214614259,http://world-en.openfoodfacts.org/product/3700214614259/chocolat-noir-75-perou-fruite-et-equilibre-alter-eco,Chocolat noir - 75% Pérou fruité et équilibré,Alter Eco,188,"en:snacks,en:sweet-snacks,en:cocoa-and-its-products,en:chocolates,en:dark-chocolates","Snacks,Sweet snacks,Cocoa and its products,Chocolates,Dark chocolates",France,https://static.openfoodfacts.org/images/products/370/021/461/4259/front_fr.49.400.jpg,https://static.openfoodfacts.org/images/products/370/021/461/4259/front_fr.49.200.jpg,"['en:snacks', 'en:sweet-snacks', 'en:cocoa-and-its-products', 'en:chocolates', 'en:dark-chocolates']",en:dark-chocolates
462802,3700214614389,http://world-en.openfoodfacts.org/product/3700214614389/lait-de-coco-gingembre-citronnelle-alter-eco,Lait de coco gingembre citronnelle,Alter Eco,312,"en:plant-based-foods-and-beverages,en:beverages,en:plant-based-beverages,en:milk-substitute,en:plant-milks,en:coconut-milks,en:unsweetened-beverages","Plant-based foods and beverages,Beverages,Plant-based beverages,Milk substitute,Plant milks,Coconut milks,Unsweetened beverages",France,https://static.openfoodfacts.org/images/products/370/021/461/4389/front_fr.16.400.jpg,https://static.openfoodfacts.org/images/products/370/021/461/4389/front_fr.16.200.jpg,"['en:plant-based-foods-and-beverages', 'en:beverages', 'en:plant-based-beverages', 'en:milk-substitute', 'en:plant-milks', 'en:coconut-milks', 'en:unsweetened-beverages']",en:unsweetened-beverages
462805,3700214614761,http://world-en.openfoodfacts.org/product/3700214614761/the-vert-chai-aux-epices-alter-eco,Thé vert Chaï aux épices,Alter Eco,506,"en:plant-based-foods-and-beverages,en:beverages,en:plant-based-foods,en:hot-beverages,en:plant-based-beverages,en:teas,en:green-teas,en:herbal-teas,en:unsweetened-beverages","Plant-based foods and beverages,Beverages,Plant-based foods,Hot beverages,Plant-based beverages,Teas,Green teas,Herbal teas,Unsweetened beverages",France,https://static.openfoodfacts.org/images/products/370/021/461/4761/front_fr.8.400.jpg,https://static.openfoodfacts.org/images/products/370/021/461/4761/front_fr.8.200.jpg,"['en:plant-based-foods-and-beverages', 'en:beverages', 'en:plant-based-foods', 'en:hot-beverages', 'en:plant-based-beverages', 'en:teas', 'en:green-teas', 'en:herbal-teas', 'en:unsweetened-beverages']",en:unsweetened-beverages
462809,3700214614983,http://world-en.openfoodfacts.org/product/3700214614983/banane-coco-alter-eco,Banane coco Alter Eco,Alter Eco,102,"en:plant-based-foods-and-beverages,en:beverages,en:plant-based-foods,en:plant-based-beverages,en:fruit-based-beverages,en:sweetened-beverages","Plant-based foods and beverages,Beverages,Plant-based foods,Plant-based beverages,Fruit-based beverages,Sweetened beverages",France,https://static.openfoodfacts.org/images/products/370/021/461/4983/front_fr.16.400.jpg,https://static.openfoodfacts.org/images/products/370/021/461/4983/front_fr.16.200.jpg,"['en:plant-based-foods-and-beverages', 'en:beverages', 'en:plant-based-foods', 'en:plant-based-beverages', 'en:fruit-based-beverages', 'en:sweetened-beverages']",en:sweetened-beverages
462812,3700214615713,http://world-en.openfoodfacts.org/product/3700214615713/noir-eclats-de-menthe-perou-lot-de-2-alter-eco,Noir Éclats de Menthe Pérou (lot de 2),Alter Eco,153,"en:snacks,en:sweet-snacks,en:cocoa-and-its-products,en:chocolates,en:dark-chocolates","Snacks,Sweet snacks,Cocoa and its products,Chocolates,Dark chocolates",France,https://static.openfoodfacts.org/images/products/370/021/461/5713/front_fr.5.400.jpg,https://static.openfoodfacts.org/images/products/370/021/461/5713/front_fr.5.200.jpg,"['en:snacks', 'en:sweet-snacks', 'en:cocoa-and-its-products', 'en:chocolates', 'en:dark-chocolates']",en:dark-chocolates
462820,3700214616987,http://world-en.openfoodfacts.org/product/3700214616987/chocolat-noir-70-equateur-alter-eco,Chocolat noir 70% Equateur,Alter Eco,237,"en:snacks,en:sweet-snacks,en:cocoa-and-its-products,en:chocolates,en:dark-chocolates","Snacks,Sweet snacks,Cocoa and its products,Chocolates,Dark chocolates",France,https://static.openfoodfacts.org/images/products/370/021/461/6987/front_fr.53.400.jpg,https://static.openfoodfacts.org/images/products/370/021/461/6987/front_fr.53.200.jpg,"['en:snacks', 'en:sweet-snacks', 'en:cocoa-and-its-products', 'en:chocolates', 'en:dark-chocolates']",en:dark-chocolates
462827,3700214617113,http://world-en.openfoodfacts.org/product/3700214617113/pur-arabica-moulu-mexique-alter-eco,Pur arabica moulu Mexique,Alter Eco,223,"en:plant-based-foods-and-beverages,en:beverages,en:plant-based-foods,en:hot-beverages,en:coffees,en:ground-coffees,en:torrefacto-coffees,en:unsweetened-beverages","Plant-based foods and beverages,Beverages,Plant-based foods,Hot beverages,Coffees,Ground coffees,Torrefacto coffees,Unsweetened beverages",France,https://static.openfoodfacts.org/images/products/370/021/461/7113/front_fr.13.400.jpg,https://static.openfoodfacts.org/images/products/370/021/461/7113/front_fr.13.200.jpg,"['en:plant-based-foods-and-beverages', 'en:beverages', 'en:plant-based-foods', 'en:hot-beverages', 'en:coffees', 'en:ground-coffees', 'en:torrefacto-coffees', 'en:unsweetened-beverages']",en:unsweetened-beverages
462828,3700214617120,http://world-en.openfoodfacts.org/product/3700214617120/pur-arabica-moulu-guatemala-alter-eco,Pur arabica moulu GUATEMALA,Alter eco,235,"en:plant-based-foods-and-beverages,en:beverages,en:plant-based-foods,en:hot-beverages,en:coffees,en:ground-coffees,en:unsweetened-beverages","Plant-based foods and beverages,Beverages,Plant-based foods,Hot beverages,Coffees,Ground coffees,Unsweetened beverages",France,https://static.openfoodfacts.org/images/products/370/021/461/7120/front_fr.16.400.jpg,https://static.openfoodfacts.org/images/products/370/021/461/7120/front_fr.16.200.jpg,"['en:plant-based-foods-and-beverages', 'en:beverages', 'en:plant-based-foods', 'en:hot-beverages', 'en:coffees', 'en:ground-coffees', 'en:unsweetened-beverages']",en:unsweetened-beverages
462834,3700214617434,http://world-en.openfoodfacts.org/product/3700214617434/chocolat-noir-90-perou-fruite-et-boise-alter-eco,Chocolat noir 90% Pérou fruité et boisé,Alter Eco,197,"en:snacks,en:sweet-snacks,en:cocoa-and-its-products,en:chocolates,en:dark-chocolates","Snacks,Sweet snacks,Cocoa and its products,Chocolates,Dark chocolates",France,https://static.openfoodfacts.org/images/products/370/021/461/7434/front_fr.34.400.jpg,https://static.openfoodfacts.org/images/products/370/021/461/7434/front_fr.34.200.jpg,"['en:snacks', 'en:sweet-snacks', 'en:cocoa-and-its-products', 'en:chocolates', 'en:dark-chocolates']",en:dark-chocolates
462838,3700214617632,http://world-en.openfoodfacts.org/product/3700214617632/noir-fruit-de-la-passion-alter-eco,Noir Fruit de la Passion,Alter Eco,214,"en:snacks,en:sweet-snacks,en:cocoa-and-its-products,en:chocolates,en:dark-chocolates","Snacks,Sweet snacks,Cocoa and its products,Chocolates,Dark chocolates",France,https://static.openfoodfacts.org/images/products/370/021/461/7632/front_fr.28.400.jpg,https://static.openfoodfacts.org/images/products/370/021/461/7632/front_fr.28.200.jpg,"['en:snacks', 'en:sweet-snacks', 'en:cocoa-and-its-products', 'en:chocolates', 'en:dark-chocolates']",en:dark-chocolates
462846,3700214617885,http://world-en.openfoodfacts.org/product/3700214617885/the-noir-ananas-noix-de-coco-alter-eco,Thé noir Ananas Noix de coco,Alter Eco,965,"en:plant-based-foods-and-beverages,en:beverages,en:hot-beverages,en:plant-based-beverages,en:teas,en:herbal-teas,en:black-teas,en:flavored-teas,en:flavored-black-teas,en:unsweetened-beverages","Plant-based foods and beverages,Beverages,Hot beverages,Plant-based beverages,Teas,Herbal teas,Black teas,Flavored teas,Flavored black teas,Unsweetened beverages",France,https://static.openfoodfacts.org/images/products/370/021/461/7885/front_fr.23.400.jpg,https://static.openfoodfacts.org/images/products/370/021/461/7885/front_fr.23.200.jpg,"['en:plant-based-foods-and-beverages', 'en:beverages', 'en:hot-beverages', 'en:plant-based-beverages', 'en:teas', 'en:herbal-teas', 'en:black-teas', 'en:flavored-teas', 'en:flavored-black-teas', 'en:unsweetened-beverages']",en:unsweetened-beverages
462847,3700214617892,http://world-en.openfoodfacts.org/product/3700214617892/the-vert-orange-cannelle-alter-eco,Thé vert Orange Cannelle,Alter Eco,1131,"en:plant-based-foods-and-beverages,en:beverages,en:hot-beverages,en:plant-based-beverages,en:teas,en:green-teas,en:herbal-teas,en:unsweetened-beverages","Plant-based foods and beverages,Beverages,Hot beverages,Plant-based beverages,Teas,Green teas,Herbal teas,Unsweetened beverages",France,https://static.openfoodfacts.org/images/products/370/021/461/7892/front_fr.11.400.jpg,https://static.openfoodfacts.org/images/products/370/021/461/7892/front_fr.11.200.jpg,"['en:plant-based-foods-and-beverages', 'en:beverages', 'en:hot-beverages', 'en:plant-based-beverages', 'en:teas', 'en:green-teas', 'en:herbal-teas', 'en:unsweetened-beverages']",en:unsweetened-beverages
632286,5411188125440,http://world-en.openfoodfacts.org/product/5411188125440/organic-soya-strawberry-provamel,Organic soya strawberry,Provamel,0,"en:plant-based-foods-and-beverages,en:beverages,en:plant-based-foods,en:legumes-and-their-products,en:plant-based-beverages,en:milk-substitute,en:plant-milks,en:legume-milks,en:soy-milks,en:sweetened-beverages","Plant-based foods and beverages,Beverages,Plant-based foods,Legumes and their products,Plant-based beverages,Milk substitute,Plant milks,Legume milks,Soy milks,Sweetened beverages",France,https://static.openfoodfacts.org/images/products/541/118/812/5440/front_fr.12.400.jpg,https://static.openfoodfacts.org/images/products/541/118/812/5440/front_fr.12.200.jpg,"['en:plant-based-foods-and-beverages', 'en:beverages', 'en:plant-based-foods', 'en:legumes-and-their-products', 'en:plant-based-beverages', 'en:milk-substitute', 'en:plant-milks', 'en:legume-milks', 'en:soy-milks', 'en:sweetened-beverages']",en:sweetened-beverages
681491,7613269195306,http://world-en.openfoodfacts.org/product/7613269195306/chocolat-au-lait-m-budget,Chocolat au lait,"M-Budget,Migros",1305,"en:snacks,en:sweet-snacks,en:cocoa-and-its-products,en:chocolates,en:milk-chocolates","Snacks,Sweet snacks,Cocoa and its products,Chocolates,Milk chocolates","France,Switzerland",https://static.openfoodfacts.org/images/products/761/326/919/5306/front_fr.5.400.jpg,https://static.openfoodfacts.org/images/products/761/326/919/5306/front_fr.5.200.jpg,"['en:snacks', 'en:sweet-snacks', 'en:cocoa-and-its-products', 'en:chocolates', 'en:milk-chocolates']",en:milk-chocolates
681493,7613269195504,http://world-en.openfoodfacts.org/product/7613269195504/chocolat-noir-m-budget,Chocolat noir,"M-Budget,Migros",1057,"en:snacks,en:sweet-snacks,en:cocoa-and-its-products,en:chocolates,en:dark-chocolates","Snacks,Sweet snacks,Cocoa and its products,Chocolates,Dark chocolates","France,Switzerland",https://static.openfoodfacts.org/images/products/761/326/919/5504/front_fr.37.400.jpg,https://static.openfoodfacts.org/images/products/761/326/919/5504/front_fr.37.200.jpg,"['en:snacks', 'en:sweet-snacks', 'en:cocoa-and-its-products', 'en:chocolates', 'en:dark-chocolates']",en:dark-chocolates